Id,Value (M)
280,12.653846438847616
569,19.784518296879973
8731,2.649253177009335
10085,0.4661577110908084
9831,0.9305278514811945
7346,1.6308726395557969
10496,1.3740327938116295
8318,1.3548319435466567
17589,-2.7803714849899777
3615,3.2437257991388364
1303,5.282551289410243
9425,1.3307761326418799
108,22.616622369465297
15757,0.26225625088015647
8768,1.2761756568030407
15149,0.22256397795020888
3442,2.749894288506475
11995,1.8849075109051512
6585,1.697233870045899
18,25.19739879677136
15182,0.23236829119283442
14631,0.808099674637738
2324,4.9491987451909125
1614,6.502254483581261
17085,-2.606873734642626
8561,1.4664885345209768
8122,0.5645420547908842
412,4.995213967380728
2249,4.319962455423408
2685,4.10694892231497
16094,-0.5376899620601776
14387,0.9857257321161441
12257,3.4051794532140107
2013,4.34773803588012
3988,4.695950890476787
5369,-0.2353592769331101
13790,0.11471006343782619
482,9.40661001829453
7328,2.0580703813342467
17121,-3.613236527826082
13305,1.8280602334098859
16634,-0.7912624430936006
16766,-1.5524270695322997
11989,0.9275570598189233
177,9.009535908712301
16628,-1.0977192612781366
8120,1.793040774940586
4069,5.880395666740135
5618,5.266729976683095
11309,2.212347183235103
15007,1.2441576595496144
2019,3.6183151816704964
10905,-0.35970613181655864
14866,1.751394954613417
2099,3.7978055717437087
14183,1.8162130066209698
3839,3.5171948623232296
9164,-0.42215048603646466
15227,0.885771944100334
3374,2.220804008025027
5413,2.4606455763959403
16516,-0.5854067469633506
13373,2.555909224222944
8823,-0.649209428963843
11210,0.7851589783251427
11486,0.8423228215473912
2443,2.03996661892846
7564,1.079323573063533
4263,1.1677501277571167
3405,2.847409552629429
14382,1.8277990266812694
2662,0.4601982634860775
2816,3.5178062455207524
5927,1.925281028556249
15028,-0.970422218229892
8814,0.6415126447698043
12158,1.3374996686457834
5833,1.8248909660873025
16331,0.4191763539011575
5905,3.013461030633188
6523,3.7730712018327495
1122,12.484169929677755
14250,-0.31204552709834843
14604,0.6814113478799229
8420,1.9672996912633849
16088,-0.830170410762797
5088,0.3454894185958892
3087,0.9455433285920591
16946,-1.1971268982148686
14846,1.9579902247584755
13055,1.880154756382339
3285,2.1176809590120698
2597,1.4236226619260393
9529,1.524196124240241
1522,3.993396683635517
3987,1.5836153316230295
6902,-0.058021785982653284
3108,4.472377924243908
7026,0.8333555215434245
6885,0.5153188960992665
10399,2.333585533209231
8395,0.2240370672786085
4255,3.26567311243749
16589,-0.6885065033163968
12437,2.617368547608635
369,8.697026274242802
13474,0.7246045894589557
16333,-1.144106571979158
16219,-0.3590549924374997
15651,-0.36522378632069064
7171,2.3364630172701695
2709,5.260928902897881
12293,0.5815576203198347
14738,0.16443125649391277
14039,0.5962791816848849
3755,2.531588263761016
6373,1.4587561953232466
682,6.168424415517627
7248,1.328118865602761
8916,0.7010402037091978
6710,1.3358097672537497
14360,1.314910527348573
5951,2.3892900898746063
3672,3.2094987732020854
11867,0.8427012942781076
13995,0.592524343682669
6502,3.097766446792967
732,8.08592183565326
9997,0.5071221396044479
13434,0.5680267494069184
17911,-5.203901782723392
3540,3.0817248942624786
8031,-0.22835545577251537
14851,0.2738148181205702
12276,1.5502863951376327
16859,-1.0388136202681082
3356,9.23653763985726
10071,1.8631221621880059
7726,-0.14601355659803517
128,29.468322462814974
17632,-3.0794703314261582
1991,9.736266329419585
3506,2.506129983006076
2826,2.9329950378728498
10611,1.1099908817550812
2317,7.080493504661959
15582,0.24522456128853776
14400,-0.02323510681764418
13695,1.2901668653912068
17406,-2.250860475922444
9339,1.5167575412134937
2308,5.853345850675048
16785,-2.0618760241157545
12846,1.851965650674508
10930,1.8973005368317715
8648,1.6737640233515805
17739,-3.679690787662622
1926,5.045015133122305
12966,1.8840542361158796
8075,1.3540999310903956
15741,0.2367498534105863
15823,0.9792671700395346
9944,1.5805129436158296
8440,1.3419431407452649
15613,-0.3646548638275391
8638,2.3407057186472073
4227,2.8799067966817375
14290,-0.3876000395749557
4936,0.15024934882695362
11367,1.354289357695201
5748,2.4436981751387776
9489,1.3908726140744179
11597,1.8548177157483607
8690,4.050975245421029
2017,4.350620542877046
13720,0.2824221740385653
8230,2.5166583541850827
14558,-0.1396618459734782
17767,-3.4711565815960412
2312,3.1493983364585603
11285,1.6392601303933816
667,11.420267956736886
9347,1.7977081090208529
12638,2.2764232185038296
9537,1.3835335895916288
9430,1.801614651279145
11439,0.5202966761263994
576,13.634605795832265
1110,15.048173521496103
5741,5.2592602097085575
11870,1.877168530681466
3219,7.795309511834176
189,24.62706356039218
543,17.625868538445893
4129,2.8419365232987914
14005,1.5135611576520347
4651,4.47499116391986
15380,1.0352239808460624
10400,1.2768998869218535
2605,3.6253254745526036
9403,2.356505660718831
16181,-0.7584537140069258
5687,1.097952677632442
2290,1.1090163571152232
6829,0.3892589942562523
6436,0.6677572126176727
15170,0.39340264873073494
17070,-3.008372819539339
12526,0.03326772390547461
10642,1.8764789789295904
1666,5.86843093383613
2270,4.04123528478415
17842,-4.05982050102071
4664,2.4843284012758033
16081,-1.0188730460179514
5018,1.5035777769065461
5415,1.7319145314278828
8459,2.0699843909704896
2459,6.501124309103972
16656,-0.8472559467658058
782,10.830629781322791
14443,-0.4295653577824723
13069,1.425859968063321
16997,-1.5820780544913902
3159,3.3911197284126615
14031,1.4903683446862175
7187,2.5048226471436834
15318,1.7205985631094833
14057,1.6069392265395805
13453,0.08653053378730391
7919,2.2011349871230053
5872,0.54948041426006
11583,0.43101186184950535
6783,2.075534617129051
6034,1.9044346465993343
5503,1.5322739140336594
7440,1.3964784962941152
4985,1.5637741688244446
17636,-2.8463020588953114
14213,1.4890712338852907
11889,0.6701984256729574
12611,1.038269727776445
13747,-0.8162499215250918
12772,0.6917536585887163
2212,3.412119867266327
5939,2.0103553930288953
2199,4.060071490749451
1138,5.275064071020388
13541,2.293716207844639
7835,3.5299409968721207
6615,3.2929736700567673
10564,0.6509340058468993
15017,1.1049363783994721
8660,4.7519785102501615
9411,0.4161347720799
9886,0.4971332756005964
14792,1.014642651978285
10796,1.6573697016577782
8362,1.702648947683791
9191,1.2619495044414748
7031,1.8832403809271625
10019,0.23951764895784322
4991,-0.6308105491467657
6147,3.734970390807071
6087,2.5392248907753086
11941,1.7819054812342685
15919,-1.5391853794137447
15530,0.8598597141007076
16296,0.017241103501795862
13463,0.7680036218184298
845,7.230148924201856
17318,-2.328251999336466
9532,2.7953752644989294
1442,8.872893240828603
6462,4.657761237995331
11749,1.7386467674238375
1265,6.463699703696214
3702,4.501981422684658
13936,-0.03843579342350978
16182,-0.4089725120451675
7790,-0.014188640761204852
3499,3.633072125285281
8806,0.8894065839470642
3476,2.8659229037832006
10542,3.2011863341006475
321,13.20062047843681
16544,-1.0976480212080446
563,12.774862810703404
10474,1.1092184612351375
16125,-0.003453075165232633
10801,3.143566527134972
5090,5.51090767627209
14050,1.5320129918854022
13113,-0.35623603619379907
15029,1.2739878175145591
1831,4.579320912214989
6713,0.8335055632421629
11683,1.7237365500162127
243,12.215972199913644
92,29.680424772319363
1326,1.7372224369625968
7539,3.4595787295356573
6245,1.2061120532976517
6805,1.8154803576429757
8024,2.3607778704344256
4176,1.9629806691236524
12556,1.7894114420406808
6628,1.1799790405630048
17109,-2.6175314316249754
7145,0.9861401300282964
8431,2.447041521722703
4992,2.8770319601938326
15353,-0.20019654554933908
1758,7.208444263853778
2870,5.343174568643079
7530,1.140527067475979
13372,0.20723846378367483
11955,1.365592726158674
17456,-1.9985197424090089
9727,1.3740251233026086
5717,1.3656802021198615
10952,1.7108212987446976
334,14.392295847213369
11544,1.1051269781322688
8083,-0.22823242193170046
10377,0.4975020251816389
13448,1.3362405613264627
10476,1.2710636328579383
511,14.61546202224168
2288,6.680030192675055
9288,1.2600030069614192
4715,1.8562103631028393
5103,2.396531109420323
8111,1.788401721192237
1556,6.374120852115439
9644,1.1258564460284717
12850,1.345683664334544
13147,2.514255352907881
9440,0.5974368659318756
14492,0.17551373327189168
7535,-0.2248059476588793
137,26.46299320257257
5661,2.2690738343496264
2070,4.1805682140680815
12348,0.7209921226464573
6835,2.0096328607313865
14987,1.111270314886447
14092,2.7520179097991786
7284,3.389595309083383
13970,2.5987991503103984
2178,2.9717090995024193
568,15.703451948709663
10149,1.6955902791662254
1045,4.823663380254317
42,40.53780632632256
2973,2.737799347408469
11837,2.2440775316152113
8625,1.7662675996426813
16130,-0.809182047699494
12889,0.9194338390258281
2314,4.516805059004177
4149,2.5699200993199014
10342,2.297208217580831
12541,1.2694375474653725
1183,10.736975273639082
9319,0.7936993084048609
10697,1.8741843416914108
9234,0.7324460347204393
2722,6.240874426949105
16346,-0.1350842161249588
9499,1.5724591691729657
6826,1.2450221825579888
15431,0.4397570907145578
17184,-1.8100577970801126
801,2.748813685047949
2468,5.181727002250902
9698,1.368949904051611
13652,1.8086358057444585
4750,1.7274545195228797
10046,1.5542168409180803
10206,0.41162440818263946
13242,0.4762939310784233
16425,-0.6230310421792993
6196,4.909936719954537
6404,1.6070018076375234
10464,0.8623296100536777
3133,2.3959835547047135
8846,0.6645727007451185
15800,0.7977092853562553
4668,2.284877881702613
689,4.200266538502902
5165,1.3447264084730364
14209,0.03524094811058376
7629,2.4372295379710778
9780,1.3906917403692844
1457,11.223097309508354
12444,1.7664533110494673
2800,3.573306242859779
6223,1.7198252659548174
597,13.50331140892363
11041,1.2955919120476906
11705,1.0188148581879588
16157,-0.7477960170245765
4097,1.1898552269500016
3291,2.140679498066973
9069,1.1021857488803803
448,15.451360793226861
8965,1.0804130805563048
13139,0.03933243121343821
13598,1.2233267685810958
14236,1.4729945010760943
15158,-1.6332280670479804
15389,1.7624851019004026
4676,3.8747643477903253
36,33.75670887643616
254,14.052401539015825
17354,-1.760612652736853
17753,-4.2626247234017995
13761,-1.1082942047250484
14780,1.296884783526778
9102,0.5329437213765331
14647,1.1730886869155484
491,11.747791917401294
6977,3.559052580728526
12131,0.2904357993385531
15481,0.06642396595817246
11379,0.6187882107375131
11533,-0.26530992666884856
12657,1.6504648989874227
15162,0.09948094652966688
10191,-0.2594754441127165
6141,1.4659510771085067
15307,0.5527324003803287
12456,1.8730542761645737
6764,-1.2242713685680187
14279,-0.716334770065167
3994,2.7411676139456915
9132,1.0105545035945767
10561,0.8091760437235607
15648,0.03728038657182253
8641,-0.2216296463490437
8324,0.5310299614511536
3036,2.4678118995943663
15859,0.16137989169519784
13143,0.35832436538142787
13582,0.481624442126936
2444,4.3083534787147215
5884,1.4195084622877587
9413,1.6522144083041326
16527,-1.5519142862041946
11203,1.3965104889460704
7965,3.0548593290178516
8737,4.366456394769685
12512,2.3525731622977233
14999,0.8756557008613441
10139,1.6744076421920155
6518,2.932064365091456
13809,0.788573564979167
17322,-2.2834403838938044
6342,3.8813151088233795
13233,0.4558319208534485
5723,3.8167488923361503
298,9.757535814799304
13600,2.875197005344546
11536,1.5758753094338758
9076,-0.28781216472514615
2164,5.449170270340751
9576,0.37463426757825147
13839,-0.23139094910395386
778,7.851435343464779
10140,0.9449559704747301
1195,10.418388820059732
11000,1.2968507763760684
1337,5.448781738448822
14776,1.4357314160946757
16719,-1.7606768143523084
3749,4.95818647650993
15083,0.7400725837656736
11490,0.8452053285443029
5192,1.7706959708371173
535,16.69330184358126
9469,0.7600641812243154
16860,-1.461433825218613
2129,5.4986474483558965
5182,2.207351900598816
16083,0.028849933118095805
2339,4.090958530480918
10586,-0.13523179629181215
12641,0.9274373510927845
2806,3.10408733789356
15246,1.07384413994194
5701,2.489107383489852
16757,-1.719316628399703
9849,1.4200124782627412
9610,1.356860676720494
15011,1.5678480027952304
4445,2.149279033505593
3773,1.5711303468529607
503,8.761452728971399
14707,-0.1787160089808637
288,12.622261895722382
4773,3.3590738056467018
16559,-0.38931746954455093
3357,2.6216109894953803
400,11.197547670360898
15250,1.0487739079750185
1565,3.060232395862478
16165,-0.4491759057458822
14799,0.3967461452850358
16810,-1.6858218197682149
15222,-0.05961447508672535
12061,0.16071326132773578
4984,1.010113353297882
6386,0.08051341562268277
17924,-4.706009364951726
3501,1.1103363704927176
9605,0.49991202575161964
9150,1.1671015116402117
2190,4.648455147229484
14853,1.5863212978267072
8452,0.1607332095388898
5436,1.9652036762083966
8607,2.1486844108924714
9876,-0.9676846244927404
8853,1.0976563287670658
9748,2.353309523026283
6629,1.8829192268149058
3937,1.2641257150319802
12226,-0.02251638273872203
630,10.253345512175514
6016,1.517601873019757
3121,2.8125234524084206
11651,1.9216842991705434
10975,0.5346864396969195
10234,0.794538901855482
9408,0.4326476703917521
1446,7.458484352177365
16252,-0.023744433868557735
6073,0.44054857993295826
17047,-2.794661469237653
8171,0.420774068819199
16281,-0.7003674085659881
8749,0.5911876078627003
15658,0.9229330881677598
760,16.345064257950447
8457,1.8382573719380986
1141,11.262500961031726
12853,0.7501244252762334
7721,2.04447452129385
9331,0.1980807140172729
10486,1.3360219652726002
6174,1.4384058332320606
5445,0.8191814218734095
11143,-0.027793047375844537
15964,0.6762094885405503
7080,0.9422700711622838
13824,-1.3650277772128234
833,8.381559529449682
6770,2.774812167213156
545,7.971053522977428
17714,-4.290729166621709
9781,1.07815476203033
9520,2.240332550803167
12658,-0.9944369720668149
12648,0.9651328863788322
9095,1.0650165664326394
15319,0.35904689480096863
183,22.97801446079763
15372,0.06245590677946211
5069,3.62249113914897
10659,2.204839060837557
10623,1.6539090480518297
13915,-0.03489417659778127
6869,1.8102745429926088
14198,1.9827279169061214
3608,3.152976608008032
11830,1.878142786670871
16155,-2.3046834894974992
4838,3.3398897541080643
7380,0.02165429957847209
6243,1.4024242750426126
4317,3.6347341233768375
17558,-2.602343332391605
7439,2.070024690083727
10217,1.9469259246838604
12670,2.7433454717331216
14977,1.5619026141300623
9770,1.6838908013223843
16128,-0.029243933881382134
8479,2.462956827126142
8454,1.3735585158769084
6880,2.137162686488111
610,12.7900574893576
17432,-2.448433576494523
13027,1.9280124678188244
14739,0.11852436571977165
1051,5.135942700355599
4828,2.018766438325187
5135,2.9036547418515894
8273,2.1653472038106614
11900,0.6781253199144643
4953,0.4646330612529965
3594,4.862312286856131
6158,1.320649635803953
16220,-0.023550159957657968
10628,0.01808888818106169
144,19.948497169835697
8698,0.1589286931652154
15579,0.9890579359839862
7759,4.042089922190016
2981,3.644259890303978
11634,0.8678503278736756
17738,-4.6361710693346865
15285,0.3485219548091152
14670,0.26185618618880824
6819,-0.09915902760907613
2857,3.554902173399647
16698,-1.427049400873571
11606,2.348941249185856
7778,6.137943228457111
6643,1.813729335739282
5442,3.5808791336059116
15997,-1.1621686567252212
1856,3.600653052665315
5558,2.649717166081146
9540,2.2389221293111135
12978,1.15794990731343
17067,-2.4175119895586406
12741,0.027798556865242574
3447,1.5636399700555046
11222,1.0801166005284202
14589,1.1173159659783778
10608,3.362524100150708
17277,-2.734511010231202
11448,0.031594193014505834
2998,5.131554005611385
5883,2.525792305932349
1929,2.359021770716133
16063,-0.06210830309931481
15412,0.7608493882098273
13782,1.3668377620560008
6200,3.1496190781736715
13490,1.833623411934262
16892,-2.682290112373373
16644,-0.3766571581291416
17968,-6.05024570993406
14418,0.9754140133007709
16619,-1.3644088512645993
16738,-0.9795819082823201
17188,-2.551323958031624
13770,0.525484947147703
11162,2.332002407554839
13815,1.6740767239101615
5754,3.2424912950953626
11954,1.5345539779380886
5936,0.05836443615903164
1047,9.804299297080817
4467,4.093316440217421
1618,9.40502207795737
17472,-2.653073827675321
1309,7.678719736787052
11357,1.1866791720785628
1964,5.072398949592987
12886,2.385889281027268
9173,0.9328687957842803
605,14.331498521342503
5669,2.4054434405092593
10024,0.4035247008283349
6842,0.9655437002554876
17129,-1.605430133271831
2946,3.567712027479992
7751,1.6474509011485878
15407,0.04574873455671025
9929,0.40036745573453203
2978,2.709473827268752
9061,1.8255877982648556
2583,4.176388244328834
7166,1.9991997706325506
7370,2.9405581291854404
13626,0.5506815762120567
1087,4.52211617782514
446,7.433809058533967
11994,1.4822537953476953
9409,1.937488589514473
11507,1.6714864986392044
12125,0.5463159880865973
4059,0.09566831928748343
10322,1.932188520389019
8041,1.8825388103939744
14685,1.242401611831987
17592,-3.1082954013952957
6866,1.7288339971801037
1466,4.512289055026528
1913,8.925789462720523
9189,0.5769634699998747
12281,0.31925114615800254
16376,0.10754239148152323
4685,2.9993480959421746
4054,1.621405252546694
5501,1.086970463281233
10265,1.3632735237865816
6863,0.007247663595116194
8755,1.6623144595499042
9592,-0.057697901688065656
9837,0.9022004639351096
12017,0.3547118985689366
17316,-3.7853394406903433
756,16.639616399565078
4918,4.323127464046799
3611,0.831447919540075
3841,1.7058377696867097
12662,1.2913310880391151
10214,2.07067022752436
4383,2.455088479509733
3864,3.486736426535856
7458,1.2146669823706446
2268,4.681409703783089
9641,-0.04106196953541286
9291,0.9665768255922629
5267,1.1644525259723295
1295,10.590765144475071
2772,2.6870497577668004
10302,3.646478399146055
12811,0.25732112599512647
12993,1.1640608994742294
11035,1.4907493560395153
5099,4.262352426486061
2747,6.850907570820006
541,10.603272602789609
785,7.903107248232743
3198,2.099886220108786
3583,2.438563881691387
961,8.258003975672345
17819,-3.9159909981286205
3245,2.2492598071672845
5446,2.763186129172489
553,13.409153357957571
3772,2.098248992000137
14959,2.002071490302228
10712,0.27637501035966494
10908,1.6557405341414864
5497,6.628471448627842
5995,1.3122654672030762
525,19.927191007520186
3383,3.8598852053800456
7164,2.54885211891672
3818,3.516038070071353
8522,6.634893385769324
17444,-2.618864752187669
3296,3.3497541647046987
15521,1.0836598388915917
1501,2.25116997965295
11771,2.0845863525598674
13426,1.7642489700974124
2669,9.53060553739654
1278,13.645229633563126
12489,2.666084543718462
6409,1.022161782481966
13148,1.8081768688277506
6642,2.641015593829998
10993,0.9290694444370189
12463,2.5475482171194628
14067,1.4976361290989004
14766,0.7217260377730241
5780,2.238110176792702
11985,1.5056863383141135
16758,-0.9651693732977478
11293,2.054389606605021
15283,1.2282600997462865
13141,1.2846900278419682
1333,6.9192149627786605
7728,1.7660606294088197
2293,6.32547593305344
9094,-0.8977817771768954
16933,-0.9994636103071173
10690,1.7366887752862965
5579,2.0309037442290077
10079,0.3480575499944507
11844,1.8584322352015263
11538,4.140570857586205
12900,0.32494120488372147
5036,1.7422552725999125
11992,1.222574037351464
15627,0.7476211142269236
8704,3.1016111909979784
3551,2.4219299640374743
10485,1.8239444663060098
12325,1.5855971058498284
17755,-3.45185136362295
4919,0.36543263754109034
13742,0.5845860637341289
7889,0.3032621294229756
5954,3.3154018289101828
7745,-0.6695577384143476
3456,5.134999558312295
15577,1.4873843576671888
6463,2.042055056494995
3975,1.877100868321456
4146,1.5599501433928182
843,10.942742131191544
15231,0.5119411369208748
11475,0.8670470753473225
16429,-0.6573792345505254
13703,1.830197289602836
1884,5.1564779492195285
7118,1.1831114616020741
12071,1.1051232629342564
11773,2.5904936903175866
1007,11.507147320687132
13344,2.365329169966678
7387,1.1588040740978087
13913,-0.036335430096237076
4820,2.844701483160712
2107,2.5735117543384405
8570,1.2221670441758548
16464,-0.9809178735400579
7588,2.8813453644652256
11048,1.1523621636551482
542,9.423532595496951
7368,1.381942927468728
2799,3.7329895342349033
12864,-0.640051679197434
8962,-0.030480999328965197
9229,1.2706585423526278
14007,0.23843491997896393
16073,-1.3733986352243122
2808,3.4933664529673933
7946,1.639698981610998
6503,0.6273637210959251
9804,1.9573526548896254
2063,5.23465782910386
12602,0.9087297260281133
3035,7.37925591084651
3907,6.098647214877886
6215,3.508183819536434
3106,3.195374414662112
10835,0.22328296094995892
5555,3.3759998550562074
9279,1.592999981026587
2889,1.5862040443070313
3985,2.8215108699279767
17030,-2.255818522191909
8299,0.5503638498395063
14852,1.3487699094712227
10539,1.8675567198419643
2047,2.8697567641929567
4727,2.5642256215133585
3552,3.4409795774604603
16604,-0.5033168144717095
14353,-0.04006749668439369
3767,4.14415610824431
17502,-3.177850217903476
13752,0.5638395922625747
5918,0.9546441498233165
1635,8.755254552393538
6125,1.3779942056389416
15334,0.746569610215758
1486,4.65742503992783
1762,7.938647247234293
8837,-0.19525845722066038
5668,1.9719851639050603
8207,1.2674110009727002
12941,-0.6032381980663857
6384,1.8154436647772911
1576,3.543429684809354
4895,0.9337289323784006
2091,2.315873004340226
6517,2.3317760320415033
16043,-0.13242631601156063
10902,0.31239880847459744
11934,2.720490966425288
15740,-0.8521816074219828
16210,-0.2144146754605032
9085,2.5823330991171574
8972,1.5432960345367945
1659,9.548344175276718
12026,1.9818271966184327
786,17.385703856342623
14352,1.9519752967224946
11084,-1.0514083128859468
7441,1.8439131423802237
1311,12.02428497718848
9836,2.749662295694293
8551,3.0677821418479354
9752,1.2083825440227614
8255,3.4102686349365428
17116,-1.9009895244733954
17320,-1.8941919537339729
5084,1.7143948825628925
14662,0.6467808558532653
15270,0.12140315751867803
15628,0.3436756878359475
10091,0.876994111721082
12199,0.7553478765762307
13132,-0.1261158741555093
12259,1.3636554527944824
3428,1.4082189222553438
16065,0.09973686852348607
14906,1.2225814267275936
12397,0.11938556993888483
10482,0.5731678338506256
14971,1.6387041061942185
16598,0.2708869702665808
7250,1.8666773514019397
13282,1.9373920012658132
11329,1.519960607390324
6824,0.49003544295585755
4542,1.0106475974240965
4852,2.916026767871948
13829,-0.7198089709692823
12702,2.0875591558429036
12192,0.9713112944612661
262,12.62220037880197
7723,0.7424007797451324
9247,2.2831651742020327
11839,0.775896227776343
7783,-0.16096216757061654
6564,1.463944725265371
5451,0.8608547394878485
3951,5.83577196531531
2664,1.1919306732019805
13376,2.2840096434962405
11472,2.15073064667547
7182,1.9752268284958348
10493,1.6524773706106615
800,6.823859228393111
16603,-0.7482995762367821
10868,1.327843104348247
10833,2.0747225750375193
14188,1.6220626651236927
1422,14.511823331959981
16382,-0.6772723222823487
10797,1.3093297531944756
13260,1.9028634342232564
7923,1.0067286685132046
3010,6.557492922250276
3879,4.050486016551638
4469,2.29533208065817
9141,1.3349961585034151
41,48.65299621188684
7438,0.06345065103371894
11515,-1.1846803812224422
4147,3.9915927433863416
12329,0.7073002144111129
16993,-1.63628648808929
595,10.890141756253222
6631,1.6586542661061117
16607,-1.5614130293435267
13439,0.2368456774224441
10840,1.3729678514527492
4591,2.1063352610067483
10782,0.9684345553030553
17644,-3.413366123108716
15129,0.5569120181781742
3211,2.866374170190909
4096,3.506280172844093
6080,1.5637219849703783
2546,8.466901537634719
17832,-3.9205992198705673
414,10.466339598984575
10338,0.5393982871222462
3284,2.277364250387194
9984,0.09124135172956471
12484,2.067612112749238
8786,0.5402098432318851
9931,1.5384936478344144
1411,4.047467165124509
9204,0.2669650349896031
11913,1.8428531848153966
12022,0.7350283464914469
6062,1.6300293690490975
16282,-0.17192636767128988
11387,1.6242074328455658
6351,1.405552849721154
10147,-0.14945388151395633
12724,1.773327147672937
1629,4.940066980124811
2335,4.475913885059377
6490,0.9714545576461049
2724,4.969605246447138
797,6.468238363855285
4646,2.2410713542557588
17020,-1.739883926865403
9112,1.2003215821748086
68,20.998434980231515
87,28.550628771246444
15446,0.8272798061293472
2548,3.1777371097116713
15505,0.46513073119363213
16214,-1.1113863454587474
12904,0.5161803689688185
16439,-0.9709808033069365
441,14.762771625039115
5188,3.203779638047884
3604,1.6937254190001312
4138,0.7942135049739321
15352,0.14784340291395637
5310,4.302474856967002
4570,3.8991831785793707
14491,1.2909566795698453
16451,-0.6275490765855807
2761,4.289469325339233
7856,1.953402475351517
17959,-6.27304074672913
8121,1.1307379863009146
11568,0.9153905844660386
17414,-2.3495939021252994
17094,-2.600388093899568
17267,-2.962725082853119
5640,2.018837640253345
15086,-0.011192164339362876
17181,-2.523717197234774
3844,2.981834176773951
9267,0.3310392987505324
7194,1.8514231703260648
3887,7.076338656847028
3103,2.2197833360202637
13873,1.00907396453605
16708,-2.0894115448425197
6641,2.456636719070204
7509,3.710293658789425
10078,1.1073085476702786
6279,2.007413178761311
4397,1.9729598099778087
12979,-1.0383913574092105
8940,2.4796888074737353
6492,1.7719447219324636
6575,2.2299966569372387
1530,7.263511458946766
2189,2.786580927578129
3533,3.1923034946135616
2151,8.702543012425359
2595,3.9184056777547625
5524,3.0907235122547263
13816,-1.5498714878905346
1139,10.862700934963534
15899,0.8597733731255701
14458,0.8485335742231825
11611,1.464819988424047
11369,2.1371099785102174
16045,0.42468809059621293
10891,1.9111252020576117
4008,1.9988349951703555
5483,1.4321565751628782
3871,2.7533357899978412
7500,2.518648974926869
1858,5.268346245905384
7239,2.363216541419689
14642,0.29758411513807914
5656,2.2822988921683063
11860,2.1767937299559676
4777,1.1986696620523247
4450,1.00037427217368
17395,-2.056454343593863
16158,-0.06353060933219723
7818,0.9525894604866565
6449,2.394703226700244
16889,-0.7869090522573146
9852,0.4131233322409642
1427,4.275425446915122
13745,1.1238651762825214
13771,2.955162102395576
6280,2.6496306202569926
12250,-0.6281622346950968
11110,0.1275049665835084
13138,1.140799008029468
1624,5.786838683767556
12065,-0.6197490437375492
1626,5.55317690490353
490,11.500962568641505
3942,3.670698083058582
2714,4.565164299224243
7806,0.657631838283379
10304,1.2654717839183007
4721,3.708716582106618
2545,2.5013084089251336
8225,1.2243579467802093
11752,2.56138415910187
9508,0.9047968471281109
7739,1.692862271090803
7189,1.998945994299973
6768,2.037777712014986
13927,0.006404492434420206
6390,0.8667407346818052
11599,1.956059000365876
8276,0.3360359593638407
17597,-2.5443207054622192
13540,0.8048171029494924
6088,0.7534910388605525
12310,-0.7453285478657392
8852,0.20635948542697946
135,20.02129019465746
16518,-0.32102857988950007
2295,3.1902013375664424
17501,-2.7878811609944236
1617,5.479661238833792
11805,0.7887444754216446
13253,1.9323167820148157
4350,6.263817066951937
2735,2.1838732227499165
671,14.522516755600172
7566,3.2393530680756584
9181,0.924657440296194
15810,0.18382124590538496
14741,1.236129192265416
10721,1.584647916906114
8800,1.3708741291514244
16470,-0.6232539865054747
17098,-2.206815903244369
4316,3.2396306389799037
12490,1.43501860982483
17398,-2.591409695646888
17243,-2.5846320320987033
6660,1.3634430146626642
8933,1.3845869991510824
4249,0.3556417626461723
10013,0.5560017247111659
7709,2.331415061919941
11519,3.102123824355708
6171,0.9737069771708633
11360,-0.17355010048242292
5851,2.2332503403093327
4628,0.6847836362823685
5123,2.25053972628055
12142,2.3227720266894423
7789,-1.4211949735105023
231,30.38415751334353
6282,3.5061451202219587
2590,6.047284633553176
17708,-3.3392932721942543
584,9.67195490201128
6718,2.1015464056726287
14216,1.298178047967177
7688,1.1686812899678714
9175,1.2037919589304522
12469,2.3980130555628065
8764,1.93173701386835
7324,4.157870637923331
4261,1.2893632352639415
16019,-1.0355991655062837
10462,1.3653544408144853
2442,6.331321558325641
4476,3.201071996804444
4251,2.079478149315783
4857,1.1227733697106643
15166,-0.6510631748261488
7136,1.2474086696891717
5708,3.2196256601233486
12144,0.8089684404153985
17809,-4.083601183745252
6422,0.08778120003537282
252,6.095453691328217
9994,-0.2410349955863822
14800,1.1229406614231578
5540,6.113949583476916
13840,0.985293281811515
13973,1.0811366394588973
13525,1.9381240137220672
16625,-1.5484417478574173
16896,-0.8657228819042189
16037,-0.471534282237549
14580,0.6435949403441938
4421,0.44521068622825766
11140,0.8419465104078014
5858,3.7814923062902537
9509,1.8445677949862826
1555,5.3403723750549545
10824,1.8985550557658186
8982,1.738858959117259
2272,2.3045773063857595
1189,4.879078385376069
95,13.525464742178194
16611,-0.09830478316451519
15846,-0.18277246177538586
7848,0.9742082629635078
12263,1.2434835987861206
13799,0.7673909280049642
12628,-0.35576532348673595
1698,5.30875147507556
14538,0.962089192089131
15206,0.24966333317431832
16435,-0.8553885006252528
3369,1.2735710018432584
14346,1.4823815960816304
1882,5.33114471257111
17509,-3.27260586177794
7154,2.476343555341529
15883,0.6112937257807189
17033,-1.5002300135914979
11181,0.8435394681623407
8286,3.4502776076339643
12704,1.7077075438383105
7029,1.3195809782470675
11465,1.9778509678969272
1321,5.966818711601356
5334,1.989653191911458
818,17.55519146096038
6421,0.7613273938249918
16452,-2.3846076953809145
11991,0.9010455743535459
88,14.945351999773472
5969,1.7671906949356568
7453,0.7158757247695462
12378,-0.9984589866073676
15118,-0.5252493406647645
3514,6.203278764006477
12500,2.323404275752729
1478,5.162552248514665
17931,-4.784823194598623
15146,0.3481548677854178
8398,1.7117633190911832
999,9.13576262953191
17287,-2.6993520037750827
5528,1.1624517211890009
16945,-0.8817380977930114
12718,1.957360044265748
16982,-0.8317017204344026
4392,5.796043444481654
11330,0.9042853362740075
12308,0.3900339949881584
5120,7.440307589174438
15248,-1.2662386019282579
2774,4.7444273995769635
3413,2.8922518529861065
11270,1.3981649636210136
2852,4.091990588192708
2149,2.092885855225383
12577,2.9131579456611334
15452,0.4409138829664414
7938,1.2898718014822492
5943,0.06340882340363407
15026,1.6924338046346392
3803,4.973845991082051
11287,2.352198903798815
6484,3.2423472613483
16665,-1.1988088416395755
3395,2.0149293646291824
1034,11.163867298221852
16670,-0.3746301964630945
7012,3.23366735474427
10185,1.763461950584201
6326,0.4998127864824866
221,21.670869845392254
210,23.617351579099612
1066,11.358336961969592
7685,1.4499776888498062
6900,1.0960155354307872
712,7.070127363310689
15411,-1.7717173357418758
11263,0.82335219603425
1661,6.431744358349249
16818,-0.968559285867407
3888,2.8438598752113506
2610,5.20947574415414
10585,0.9682002252698609
6155,1.5086909996391569
1496,6.047424968032104
4695,5.249723315995212
12379,-0.4121470230393456
8384,0.2534597301561661
16915,-1.068340369720893
11786,1.4818516780156656
4892,6.373298691272275
5624,3.7436791149187556
2420,5.181634653324096
17271,-2.5085490051926413
2932,2.8740784720476498
14985,0.6911866387658776
11096,1.3753089047062943
8706,2.173398941542729
6470,2.8863497337294746
8680,3.4115501235865864
11265,0.918048484579451
8406,2.3059714919867176
5299,0.8370242774913308
15237,-1.0764120209263552
2037,6.595349753779573
17051,-1.9665050417327805
14668,-0.4651778144494756
15915,-0.33538224264871985
17452,-3.117565822453095
4034,1.6926975214483377
12509,0.32315012685774747
12829,2.3209267503106688
11282,-0.24843376548177076
7735,4.868624721525087
1395,6.759714207666008
9778,0.5388756494819447
17887,-5.018863798134774
13080,1.8543947296725847
14720,0.8909102338786141
15960,1.4939024929739801
5144,3.5563356064187204
8003,1.4486423537883795
52,36.15959197459048
9933,0.35662244520808173
14633,0.8701448151414937
13610,2.424564706100938
1074,9.022979579278307
12863,0.7682463643853694
9679,0.8070162161165513
7340,1.9175573893505842
1038,6.917727440357233
17044,-1.9109455419720973
3757,1.1530876787303868
12212,1.2766134819850592
11425,0.1754236959065949
11857,0.9819225754282641
13509,1.5359043020761263
11610,-0.653683864232228
11131,1.9581694387842603
1727,5.108641845673553
5077,3.690706627142781
6624,1.6583082879391355
4233,2.972787183146231
9306,0.35914374197044907
9791,2.519599474486526
329,9.414196459216804
14807,1.302365336274029
8433,2.180847452568159
2513,5.510584619489535
1053,8.629286516373433
13491,1.0464196752945938
7647,2.3773482922137603
7,54.283752131896314
13297,0.8646889774985169
8693,1.4759064615329223
10663,1.3544949083626747
2858,4.469453346625954
3377,2.154811770106903
16113,0.35718134461079387
14914,0.6819512480164107
12430,0.4079497532335168
12006,0.5211652919336913
10654,0.2532534374639539
5926,1.6411021226773883
15134,0.03267588002790234
12831,1.7571791747936416
10541,0.7760887301794597
12340,0.399117681481556
11172,1.1718380331498892
1749,3.5981262469850677
15402,0.7815958596813815
7435,1.7789854948795707
8025,0.4386169244371132
4680,3.0459467959578888
1223,5.618561512964085
245,24.373468307944698
4300,1.5525707108463394
6972,1.666343115116419
10043,-0.5078573425633479
3529,3.275125791502866
8875,0.22763230973685467
14954,-0.042650310367179145
8891,0.5505733558179671
1106,12.382236688726273
17733,-3.5515633689974777
12587,3.738087902500851
16693,-1.3250588413036084
3858,2.0930740093561795
17508,-2.8546840659050545
11073,1.5209849945930998
2142,3.5051328636289227
7533,-0.13287330835967026
12104,0.37077890822845205
2490,2.350868216950431
6639,3.1936404893543653
9235,1.5565939949829257
13342,-0.17253773206094536
9757,1.8179795223909991
7494,2.9255362636440267
6445,2.2985656846566016
14223,0.2336863796879669
12178,2.323494815029804
4850,0.6656840779272102
14364,0.9365001688424357
4184,2.2259789525270506
17978,-6.902059764110604
8637,2.172149800364039
14278,0.3684224729369774
11563,1.5561360875492696
16289,-1.4247746930386782
14646,0.82360748495379
11578,1.7944982899896544
4101,2.634407552320411
12530,1.7986278855245814
15819,0.4533626579747576
6057,2.14956709812175
17028,-2.822329746954914
4051,1.5194433411799508
13494,1.59967515732491
5632,1.3417764855545116
17235,-1.7453530939056279
14049,1.2636570424831604
4356,-0.6527290449377503
5086,0.6835307799056665
12352,1.133239091861192
10672,1.0635459004941836
7186,0.7509023261765648
12647,1.62928226201322
6597,1.887811909803439
11362,3.6006829135147527
16277,0.10608219071749403
13348,2.189132980279709
16927,-1.0037873708024847
3091,6.427507031849601
13955,2.323206248501876
10716,0.6187401321648167
2447,3.8853279402679632
6468,2.3804423959717553
4589,1.592758834337566
5104,2.6258097724597107
5652,4.017515617068241
1088,5.600645585414284
4877,0.2121119530682165
12304,0.33582556139025854
14367,0.9433604581677386
290,16.006527720216845
16413,-0.4992273840095365
11865,1.41102842112182
8311,1.9074261541570081
5074,3.364162594407915
13650,-0.25271775098773475
12024,1.5617435204978634
9526,0.9802186026142223
15210,0.9733213204825049
11788,1.3555401614312288
14422,0.47383043603842623
14357,0.7880889308204715
2449,3.055069134937064
13223,2.115882828190969
8874,0.8731069068116994
8623,1.9252302642685777
7774,1.422496145696961
9743,1.1505709766787149
12854,1.3206134323676224
13602,2.1959452999827604
17219,-1.5293303206913222
6278,4.05150439292477
2292,4.926138689215598
16599,-0.28876396517112113
1212,11.433867999149335
2887,7.37698273440644
9014,0.29044987076053985
9017,1.6736776823764359
7219,3.3577361749536436
13766,0.6438102141613626
9249,1.666482800591183
614,17.08858987873942
4426,3.5744051215608366
916,7.463243942163864
4362,1.9721162964801593
1498,10.081460332589138
9027,0.13941410037616464
12462,1.4680135744421179
17952,-5.300590002626301
10961,2.330732157519442
623,12.13455563471397
378,17.581121780968196
4563,0.742322480028264
6955,1.5170617298923332
4425,2.3605727127282705
3342,0.8166780206815076
16295,-0.3601928374238028
9773,3.034348607145894
2871,6.7762870533615
5721,0.536862650287425
6069,2.8901146468227807
15985,1.1585780351654762
6802,-0.13008446090550052
14424,0.8472865946356407
14087,1.3189935979176752
2211,7.060735041326993
17641,-4.19690737067296
3024,6.891241355071074
17510,-2.881195551370432
1310,9.886502709568028
11010,-0.7652520775206213
1009,15.618733621565205
8736,3.359655421584833
3653,1.3616007759402606
6400,1.3738335351066695
17701,-4.460501232486031
8380,0.6087346165270162
17511,-3.5294031127772456
5841,0.1689835916662048
7384,1.854163344275193
970,5.985698835979356
12513,1.8581056651919852
13095,1.0165570227659089
4313,3.569401142379931
4050,0.46601485047172986
17827,-4.084606271741059
8985,0.9670728454579773
16044,-0.8432032091693102
5749,3.6937560482512737
5550,2.886605415610333
7945,1.1392106796801187
16726,-1.0161821682368952
14639,1.0022213457197537
12994,0.29757849726975394
12461,0.6093678791434769
15714,0.014959904611316688
15806,0.47194724919862097
6033,1.98769109449254
14655,1.546170196930504
10790,1.43203813603278
10376,0.45943184131334647
2122,4.5043509062404965
6590,2.107349643926952
10036,-0.6919804264918312
9296,3.729341142240976
8666,1.6121550483504876
10157,1.259339682900773
16394,-2.1055962105874713
8930,1.308850097504397
4170,4.788541290846958
13876,0.6671736786488225
2344,6.820066463999986
3910,1.6698562114972546
17487,-2.9117463360846045
9280,1.4631160156100123
8189,1.2776940493728048
2327,3.632022673914804
17222,-4.3424728167757465
7505,2.4131741171496444
15289,1.0320974206662683
4799,2.8669178785459835
16226,-1.9327111540535782
1458,10.533847016993043
12910,2.115027634801507
9071,0.7875175752077581
16989,-1.9645563826615842
11337,1.069733641642955
7400,1.4563289100450305
14075,1.7616396475905063
9138,1.460587048338624
10003,2.3391069930539743
16563,-0.26064763721038275
17179,-1.5068294640594715
1940,5.487841557466474
4548,5.550303823993538
15483,1.0982051308666598
5437,2.91425258447088
15620,-0.7503001602412169
279,20.499554414764184
8351,3.4299694632562066
555,13.807829291186643
16143,-0.5695281344255889
1351,0.9718932936310978
4707,2.1293240769119564
8301,3.0014018551417934
11088,1.4880187003910734
11376,0.5075483389664655
2045,7.4923234604886275
208,16.912711657609115
9620,0.7271496807929978
3094,1.51750427409592
1107,6.470534832955259
5894,1.3596847044533646
13991,1.8522329583753674
13358,2.0061360036891003
14801,0.39818739878349163
14969,1.2587029515246897
17463,-2.167855642770675
1743,4.369597067391382
17580,-2.872680787370186
2842,3.7902014941717823
16395,-0.8936103887496287
9254,0.38870117633724277
798,3.615701420748678
12685,1.1895495513437098
16492,-1.7888660671525258
7365,1.144678014858556
6408,0.7379828766031054
11398,1.02501638962584
14614,0.08904990907149823
17159,-1.8700025742565742
8862,2.3731592295211286
476,10.215311538068974
17639,-3.4216676659324676
12617,2.1774318398785297
7330,2.0445300302625924
17433,-2.0011177881593483
9681,0.30857093668242186
15669,0.024460809341789513
14796,0.8710976103327752
12610,1.8376032469033206
2939,5.124539997531265
5164,0.40025705153725255
11211,1.8572622475928924
9690,4.0085696723593855
2553,0.9293781091464766
13423,-0.5580291626274132
9274,0.6568915222438321
9024,2.055435383797402
15548,-0.034782288351024704
1989,9.860731259009313
2298,2.5880971024358033
6413,2.2923338202461068
13533,2.0950149854359523
14632,1.0438044759985274
5715,2.184933317802681
7327,-0.7812089516333103
11275,0.8646508650664444
17786,-4.1421047074232575
11264,0.07807756784034581
12270,1.7529940702899935
9612,1.767666392436766
16536,-1.2777933228081366
676,10.378625284847637
13199,0.3473535367372449
13339,0.9434294054841885
16129,-1.0122357010188168
8145,1.3597628730077247
15005,1.0776140788492015
17789,-4.2444412673722525
11433,1.4316500491028208
4800,1.0735149377197644
10858,2.427522449498845
16974,-0.9913256564802495
11633,1.2643643808550564
11385,-0.1368596531921753
496,12.280962052287627
1548,11.005216064558518
17372,-2.8544081261426797
2088,3.143683453678115
17239,-2.9829026318315144
12190,-0.20886286383530006
16486,-1.4462758394300792
8836,0.4082870314084346
16761,-0.802603574925719
9160,2.863932906511252
11,52.12213387743159
16688,-0.6031880856608609
11426,-0.44679657128203587
11720,3.0912642919038973
13994,0.6057800864153577
15269,0.6717761325520755
7676,3.249745398169402
4639,5.881788451582558
10850,0.07368844406403952
3039,3.958389973489844
10016,1.9000333922132882
9285,1.5646725934805161
7429,1.7728151473894869
13001,1.174524322545679
4125,3.6409547491726997
14617,1.1654462539206136
15625,0.5438468341583729
16291,-0.14206753929107663
14241,0.42746408710173256
5505,1.571064724651194
6309,1.4592636008959943
1125,7.384082785592113
4566,1.1026417536437165
8931,0.5327709082637426
8371,1.187840312602745
2110,4.492851563166852
6714,0.7128995582298927
7939,1.5535293418068647
551,10.068663228903567
4876,0.9509604429407332
13929,1.09605658001621
7318,1.5669193951369351
15171,0.2663705053970702
3792,0.9618813611504393
15197,0.5153925664109451
15314,1.5825319126200696
5327,1.480142720407585
327,23.137108555868217
638,13.383577734916663
5774,1.8943038014891016
13357,1.6287020627635016
3334,1.5755830401903452
8354,2.3915532620321116
15848,0.6905702297544067
12754,2.506443470056773
5588,3.2954009553349906
17776,-4.818879386376771
14824,1.5122506085033862
11218,0.007579180256762186
11965,-0.050196046163016206
15417,0.020303854007543976
6114,2.5290013447968676
1988,5.252949731781726
5110,3.0541968588103927
1560,11.437323274999933
11677,1.8331891901218214
6204,4.439188388652937
11977,0.9767804615014839
6997,3.38141528463548
11346,2.0925828243141282
4882,0.9430355631979666
7996,0.6825022492795867
16250,-0.5063974417400559
5283,1.495062660964905
3287,9.119874386865042
4938,1.7648888862222591
1596,2.7343248682494448
15069,0.5695798911521237
336,8.724571518119255
7978,0.7955560086325946
532,7.4525208819005755
35,38.18224272423763
7257,1.8856981081284516
13129,-0.6468390658953069
13908,0.24351971528725613
17131,-1.4276431474214561
10605,0.35967186631656745
15965,0.5865269023259501
899,11.765317948371411
4758,0.49500683455244854
7828,1.0968264584661398
2899,5.274793624246001
16998,-1.7417613458665144
11393,1.6891350803462188
7402,0.867480417647073
269,25.647650827449986
3628,1.8061220830230482
6341,0.9731591635344259
2622,5.2886375886788315
2291,2.922535329999434
6199,1.789359120698684
8191,2.146338331824971
4744,1.3726424545712064
10980,0.5522659429249828
15629,0.1420632880150805
5525,2.5385039502266125
9458,1.9046451820608539
17247,-2.0819818499201475
10886,2.0662882752232576
2203,3.793472088098646
11278,0.22989548189435283
10923,0.8180216849857302
17144,-1.4481931833909698
3309,-1.0759253438566176
14870,1.7058033570922433
4910,1.8509375066843177
6188,2.2550937496696832
9032,1.7124398225786948
17859,-4.180021025444347
6407,2.993803935491904
14428,1.1337462385131047
3577,4.035189764854728
558,9.13007774371254
1010,5.865244535223155
6905,0.2649479305137348
10413,2.337129311626107
14073,2.761699189200982
3142,7.747371483304107
11950,2.547148635532025
14899,1.1476551920734082
537,10.312233407585452
5228,0.855860483456631
1134,4.8394439141685055
13013,1.004093146852533
3935,1.6878718802279664
12909,1.0476227746113764
2811,0.4258425095563041
14497,0.4253444467795262
11729,2.3983821952271853
5538,2.2474667695212034
15301,0.9456433196155629
8044,1.6963440335534727
8438,1.0757183866767122
6479,2.134710337042179
7833,0.5166848423882016
15989,-0.4843888897759072
3180,4.226828401576803
1717,10.068381601271177
9940,1.0544895738001188
14404,-0.7598028586915362
17286,-2.1629553982235947
5718,2.7895147264339855
17702,-3.2251422230110265
3170,4.489104043732233
5293,3.4613759654836684
1067,9.603526528852498
15351,0.8306675571078799
7269,1.6593614545076392
11291,2.0547949401012744
13713,0.3753312309183201
17427,-1.9335942564994824
7795,0.4519514687984483
7309,0.6978102767668517
8416,1.6781070830539235
17737,-3.388276943876214
1531,7.893599117955247
920,6.989613103865345
324,14.180909966156285
890,13.394279686323237
10124,1.3801399618239643
17697,-4.81214431469548
13331,2.569418596195817
17788,-5.026541261438048
10601,1.733156881610249
15907,1.0025691176065905
14884,1.1368457908349754
14168,-0.012979527167324534
9404,1.796854725281129
8536,2.298847703179156
469,13.096175868721652
7355,2.825369145501263
11923,2.6053326676551194
7476,3.4515288014533283
1792,3.4128038011498774
10822,2.0714940898736316
649,18.97026699878692
14303,0.767849864921665
14479,0.8496903664750661
2829,2.695474334431374
10725,1.464476062897738
900,9.026557405865795
7442,2.0190140567357204
5393,1.3486253891727813
4931,1.0453762992368354
17507,-2.736929882975687
2976,1.6412294825784457
2686,3.868992200463225
9731,1.2836525952527893
719,5.903989076917711
12828,0.5903796169807052
17468,-2.953390983283775
10940,1.3487147934637989
10162,1.0214136459630438
1710,4.043683326977678
5256,1.6937617217824652
13093,-0.4750281536241161
16923,-2.311190107934756
11800,1.3175601648986017
13949,1.5543313122547602
6555,1.3548072313203434
872,5.814763765062473
16290,-0.3031920841646567
1622,8.43447538656011
12146,-0.08016652267699698
5440,1.6408522086352306
12931,-0.1105579326260866
13403,0.9270990434348221
596,15.042936538827824
17089,-2.27390543099272
14235,1.8676619670627659
16266,-1.5830782478357435
7964,0.14854997072361442
9406,1.4727897334532685
13158,1.8843786063923602
9708,1.869497708404161
9955,2.243913022085721
4616,1.3474322559966296
15393,1.019372353954175
3641,6.160619452754197
5040,1.4820820082705097
15336,0.18294089244967182
14821,-0.2988975861389136
1594,7.204037877581285
7804,1.5392165702152596
12028,0.4950899719709696
11710,1.7618682508049162
1527,3.705872449340575
9486,1.0119974196503634
3857,2.5380621668556387
9205,1.8855823547132928
10933,0.6368712953898452
7935,4.164221820976614
12210,1.1884621895121867
3895,2.677375796932587
8895,0.5908054199339503
9283,2.5861398779824896
15588,-2.258924587781415
8082,0.14318071416875
1022,5.4889060167214225
9788,1.5317597556065294
7043,1.4125227345395643
6453,3.6433486638219463
11103,0.08511102221983435
2198,5.746124169296081
7644,1.9295964854683163
12305,-0.12599078767402005
3920,3.431989902451207
14534,0.5545406319520154
13485,2.7111996766237425
5162,-1.253578629971834
10317,0.7937470350361551
7146,2.214067766093706
7283,0.593369177400703
4560,0.9565888535835327
15087,1.4002748619856789
1097,9.226064064604032
16705,-1.0313153299706954
7906,4.492084220461521
7768,1.2577684670772342
8397,4.009513486425739
10171,-0.41561711866209805
9513,0.8244229062318169
1004,11.051845282781166
2977,5.639561706696384
7513,4.022740596885093
12197,1.9259756740526228
16237,0.33276266091414186
6886,0.6094134156461593
11435,0.4847630210880425
10763,1.359408700207915
10470,0.48982119862174756
12878,-0.7903668228325884
6617,3.279314461234172
1660,4.179061597288687
5910,0.7231729216222362
438,15.218448311527318
3974,5.542663091697882
9815,0.5842136177629271
6580,-0.08181805271615161
16348,0.4799011131561173
10506,0.4674085148268361
6207,2.2565370176668864
15326,0.7268282267400181
12032,0.18644260312347427
783,16.707547426312324
17865,-3.9314351299331136
14910,0.10930036067733084
17615,-2.8893879595929377
2064,3.6093278953134487
3139,6.857485208548468
4171,3.297390265460841
14732,2.006324509761299
2668,4.647638456355423
17259,-2.3148634996132813
16385,-1.1702985658896168
7307,1.0573782387190747
5793,6.852692638016322
4410,2.2657862368474113
6848,-0.20131521288673326
14347,1.8737919064891528
15643,0.019700883343766407
3728,0.9157612491998108
14829,0.9135530716168532
15382,0.9089124642616255
17504,-2.767044502187204
16973,-0.8102346222136276
5147,2.8469999667594266
8010,0.5678089335197285
811,8.425185535132819
15367,0.044876403551405986
11430,2.550350150979938
15062,0.5505591344256118
15238,-0.2830686217106191
13558,1.6383638958659432
5006,1.0510680586618335
11446,2.710154314604729
8997,0.8666423749253553
9135,0.7124299131478011
7682,2.050235336985743
954,11.6544589379833
7148,0.5613868623377627
3643,2.1143661328730303
4886,1.7245644731794698
15175,0.36905304351304125
5438,0.4373048627015095
7596,1.323391434168478
11674,1.9150043845165712
4865,0.5913022936528449
13418,1.6866366639483559
4005,4.092810882436339
12318,0.7273260591334392
4529,2.667650247176674
6681,2.118658911391634
7615,0.5491589790149334
8155,1.0135101562098612
14723,-0.17646394139750754
2492,3.7089969790917507
7313,3.389972119256761
16288,-1.01613085757009
15022,1.5271819347677322
13067,-0.33336053097971075
1358,11.363485106060075
6927,1.291580474509999
17583,-2.6542095110704835
10548,3.4143881172384454
1848,5.42154389653745
5300,6.1638535557864245
5907,0.6604071543692669
1730,2.257546156065416
17648,-3.815149669251994
9720,1.3270516276122564
8769,2.393178714350391
17269,-2.1332769445147335
12443,-0.3473521325291884
8436,0.6304149359242786
14894,1.8648275386385436
7705,3.8549019420945356
11237,1.274584249777412
9651,2.0792291147863153
4482,0.6355964665736167
16689,-1.5302743748706291
3996,2.600879727879331
2364,5.842375022030851
13004,0.9370036191041962
14716,1.7039048292344319
4597,2.3269684175541343
11560,1.7004017559440214
12557,2.333675439412012
11407,0.7229428343583422
5261,4.371543728700551
11832,2.439955602356271
12196,1.899148895334264
5211,1.500929599942836
9634,2.1742098645780743
3675,1.8428433623197051
17565,-2.827584710680945
11240,1.3625697916622457
5682,3.958009166985562
4692,1.8769855049896549
510,11.724134268517567
12894,1.5179062699950592
1241,8.070727493010587
6396,2.828324945208948
14763,1.0403719937740377
3550,0.8061644663966803
9451,1.8726532909406117
717,7.815027342922356
9066,0.6953578154924926
5782,1.6026341668713897
772,7.5170257863164025
2580,2.16837295178037
11770,1.9468349953234352
14119,1.784069264152265
9364,0.7030731511148574
8151,1.7705992736380054
8661,2.640738413009089
3709,4.011956543825221
12684,0.8493463097862488
7472,1.1360802731397968
12312,1.5715305490322464
4600,2.50065876332517
7972,1.0233646006658716
4447,2.627233632299479
2644,4.5947215864986575
1372,2.7438004658212733
15191,0.2947594098635591
16201,0.0905107018898974
14822,0.03660724634092816
8270,2.035432553480085
2326,3.615479090688943
6074,1.9892840522470792
8719,2.277868711324139
1057,18.788192967518917
379,10.155902814668465
1497,7.291056702823205
17249,-2.377975245033234
150,11.495700073965558
8596,2.712372483987835
13858,0.809907906209439
11667,0.33114059066035395
3505,3.084455697003314
9707,-0.15390452221067363
11239,1.0736924767057658
17381,-2.157065188797823
3635,5.03358712313932
3236,8.676609782519478
1609,6.786808038042359
11219,1.247636598809386
340,15.767283485833524
17080,-1.9269320874456213
9769,2.1502867017133482
12625,0.7788765926179337
11523,0.6525577574658925
13412,0.5708477394834262
16258,-0.486656058264316
8715,1.5336893584617002
7960,1.1313453023590085
16241,-0.10821702934291721
10661,3.0081810472068256
10283,2.30405172123168
123,29.766942404789212
6025,-1.086032013916288
2767,1.4796128023416202
14727,-1.3290600093124851
5965,2.0114221450375
3660,3.1028978080869862
16142,-0.800534526708752
7305,-1.2782744944893807
17280,-2.676443652055845
5491,2.386249870669957
5722,2.1741547485706576
8841,0.8493262240871573
5480,3.907544185682859
13993,1.330533349055024
15260,0.29785513803695807
6567,3.2695081334928062
15138,0.375041001833047
7202,-0.729558155722053
17912,-4.624134815227698
11169,-0.15078589146070698
16963,-1.138248725954611
9865,2.6381092922614044
5419,4.161020602591471
13127,2.322729565985064
13374,0.5574402924946611
3770,4.615281102626902
892,10.184305976598097
17941,-5.657277472080345
1324,5.722871869838478
7632,0.9305727167676565
3301,1.6078266931444176
17795,-5.181900792317798
11648,1.9195224189228455
1290,4.385458747162318
15189,1.4047833203346656
16403,-0.6202100521027987
4722,1.5124941751349112
17791,-4.2849291223195465
7417,0.9733914409269531
5703,5.373605532802685
17229,-1.8055823323286617
16022,-1.5845308870412254
12221,0.11560962307994771
154,26.50034477419039
561,14.97393890716436
9814,1.1690843278324934
2073,6.943737864213055
3267,5.625689071848299
7678,1.8776709514601748
5532,2.2255923233054347
1725,8.58982519429017
2652,1.9449825058800698
8883,1.9836263381147319
10870,1.0458260787170772
7089,1.9874872063824114
9121,1.569544167612321
11878,1.6759021090275823
3361,1.255557347611294
14176,0.5625538671686741
8214,3.5009254771405622
7071,1.3283207010722222
4650,2.5057666819889235
17595,-3.7757019326088326
17430,-1.8009466418369229
4213,4.364541496410794
3930,1.0613278525439611
7679,2.3035789969038447
17428,-2.4513160834914345
15827,-0.05003682136829468
11798,1.948337765742302
10584,1.376844060738442
14966,1.5726504984480911
11014,1.9531347746893388
8711,0.8099125134025797
16268,-1.0165670230727457
9545,0.6544278960413337
15822,-0.09556906356018402
8720,3.3919010890376455
8974,2.0678781508540567
5864,0.006479310214579925
1459,10.651195866426157
14013,1.85868992870315
14322,1.2188589743386586
7385,2.9934154966205497
1809,2.8581378976275076
16112,-0.006276226832881093
13819,0.9888348986372506
16548,-0.7180522000347622
16140,-0.760046671761458
3936,9.668477523891696
14848,1.1295780064222924
17126,-2.228567462711723
8701,0.3961936057753803
12660,1.6992542967584754
9820,0.40873805482518577
1238,2.3451034237354946
3279,2.7923224281331613
14990,0.3460291972994938
7794,0.7533638997383818
10264,-0.18819491285950107
4315,3.3387100433497423
13673,1.1029934871669766
16196,-0.3130600759188198
9009,1.9047434299888621
10547,0.6853108686333798
13827,1.196932939201183
6299,0.9428928400668326
11138,0.2894116551267203
9134,0.7770115824814781
6029,2.1946918452262523
3494,4.735349369093825
14854,0.9874742182752314
9930,1.4659257289299532
5109,2.5669624322058553
14663,0.6614778520844098
12895,0.8911064514797502
11743,2.1483858782239125
7702,1.4359133158354211
1250,10.721592680967042
4764,1.329302924633403
5892,3.3481550490281293
13452,-0.5558057654593185
17730,-3.469867032353662
477,6.956261954827461
12932,1.0063262671703228
10277,0.14198107112916603
10859,2.0347015705068827
2519,8.087559492794007
16615,-3.0691651258784205
4858,3.003322367921548
8049,1.809025158822969
14245,1.8422170865135925
14336,0.8662108041334093
17345,-2.0226038336456966
3215,1.8211283645555199
4530,5.129092173128747
9142,1.2517397106102095
13550,1.0768068710118683
3441,0.42548309304160625
13632,0.05511880377485312
1960,5.718563488503058
387,21.96253596966097
17814,-4.1984728596777074
1901,9.264897281854111
3667,2.715405924678592
6497,2.059006134808236
11339,2.0316329591418665
3258,4.157131104928439
13635,1.9941386262509937
10153,1.9381553698523035
10241,0.5225511482918463
15593,0.5021119996235299
12799,-0.5533459856173621
9785,1.8251859369756858
14596,0.5712667514403478
16211,-0.002083061736875891
4440,2.324754596443327
14750,-0.20833294576932104
13802,1.4231794054863158
14325,0.669927252803717
10981,0.7879707442857651
4733,3.040364318226544
7582,2.429466232726462
13666,1.3049805355700883
11724,0.4095658724854445
13478,0.5997343263729746
10365,1.4073834597455956
12107,1.258818595989375
3475,1.091600075012778
17306,-2.699636465021655
2578,4.368691998831395
10220,-0.21990248982555727
101,32.34711291675246
17841,-4.074517497251854
6332,-0.13747912551953334
17217,-2.1769667980138507
2924,2.7667856976909846
9999,1.9315584329168658
4131,0.7891691177293296
11083,1.2120818349143079
1393,10.432106035453721
1707,3.8886677597661716
10066,1.4613979713739838
3011,5.575506390201035
14911,1.6188396888776566
938,4.783905875205939
15861,1.04584713062399
17026,-1.4353925534265102
9503,0.35937807200364347
11055,1.3644379865474647
10492,-0.20297071071929196
3424,1.5779889736209185
7684,1.8074144554683471
156,20.993024363220606
2,53.87891640183887
5053,3.2108746093477833
7093,2.290656184073775
9287,1.547439068419429
16512,-0.9603041590590067
5647,2.5907985857571987
2228,3.2276241492543463
15433,0.25284168712483535
13922,0.7282752480771677
6018,1.2495612168705108
17086,-2.2294397937170345
3295,3.5048290650334337
5493,2.0855580664792512
7871,4.843575598414887
6420,2.1388208763610734
341,15.626274973017935
10435,1.067137648533297
16994,-2.3423649721694275
11953,-0.2005727067185603
6008,-1.154307004331777
14227,2.0408567920018825
30,34.76610571156815
6791,0.9848160717234293
10353,1.5591398568792059
10550,1.150009724694577
1873,2.792209338220921
11474,1.1450863186501152
5698,3.6972054632426037
495,12.60104926178709
16110,-0.230571872455684
12773,1.2622426656801125
14174,1.4562683815877548
17765,-3.1704647774053356
5397,1.1724291994858191
13755,0.7636360900027412
16371,1.1100196041710007
15994,-0.11804881133532064
7333,1.6401792703753628
4134,2.7644144044854144
12505,2.2011012264106924
10099,1.6129314241814257
16215,-0.38519182932062535
7238,1.7629282083697504
9302,0.33758645641399454
7091,1.6261915151864201
16806,-1.8863389442576093
878,4.303842685785348
15329,0.16392013572315278
16020,-0.2814519104043285
9278,0.7641536116864955
1181,5.742362987330665
16126,-2.3255816652251298
518,15.821369551331479
4742,1.6173099230833117
17233,-1.9770801129380189
10039,1.662948854274454
5947,-0.27319128440768736
1663,6.1544257417956985
27,41.074725086410446
6327,2.3254615418539046
14043,1.7637993662470492
9117,1.6775862391334684
1890,4.9566220961500775
16552,-0.32448000937956323
4808,2.071383928667295
13586,0.5358328757248358
12187,1.1979939262490618
12112,-0.40680088983992846
4187,0.7921746585670562
1721,6.635385881427311
5412,5.937851142684174
9747,1.1721282622351694
8928,0.40755466701077836
8348,1.3484980070596748
6676,-0.5230164889974418
14157,0.6346856205704725
7294,0.1761086529477751
8569,1.1701204908256386
3810,4.34667152398449
11451,1.7915353188067584
10610,0.6654080577518755
4770,1.741867054507452
15397,1.1080785225882366
14471,1.074211118015178
10711,0.7008418023048861
12962,0.8256120430770721
2727,2.89430413774069
13715,0.1370899007276023
16190,-2.58159461096367
1481,14.286704987511463
15258,-0.42906000485039186
7175,1.7007005316035304
17192,-1.3091046592313234
17640,-3.4581777385513774
11068,1.0315905551472326
2930,4.344106362881227
47,45.02247415942767
8203,-0.018702851019007483
11723,2.777316744980503
5220,1.7937253418984227
12600,0.9025900634520312
14033,-0.6101506712457478
821,7.819971819681605
4394,3.1903358501348507
6993,1.523924180808777
10427,1.151775847503309
7411,1.7803652314576155
15821,-0.10098809938703113
5578,8.700008143274786
129,17.470540331073046
15759,0.9565202457260611
11592,0.11668966634386635
3425,1.9729736002669185
7890,0.8412188462238532
3290,2.6882006510174747
9840,2.497039262525405
12228,0.6484932822209615
46,33.30956087539982
898,7.659150683320185
14062,1.5080093648346846
10295,1.5937703489058634
9022,2.3048012613871194
7381,3.2208187551575733
13711,0.30858768133695946
7687,0.686748908845594
13687,1.2657270728378407
15783,0.42272168592490544
13443,1.8510798813215033
10251,-0.055833921034668776
2232,2.6712591869034554
1703,4.004141204696914
7201,0.6946817020883174
11946,1.010346510203071
17544,-3.3452185119283584
14715,0.35018986783175876
15313,0.6381814134352268
11983,0.8533514519139658
15123,0.18985131298835256
17547,-2.694128443524633
13220,1.96729339930085
14890,1.324827799340909
11332,2.5543089860427415
17920,-4.897248529036823
16108,0.2771513673827357
12465,0.8332581912700263
9115,1.0467779533757593
1529,9.265673564664468
2253,6.271549946203372
5586,3.669667780924698
6193,3.7226157965873483
8317,3.7495303199173478
3415,0.40674679756166654
2223,2.675779235808477
9755,2.957921616571589
5126,3.368984037326342
6116,1.5709897693830754
2812,2.9480071802645824
10629,2.215871406402158
6152,1.4720313843553114
5663,0.9576032746456846
4371,2.823273130446289
3141,7.033306749653185
13043,1.1394883499303745
1388,4.89994236584068
7717,3.651938476110878
16305,-0.26442994396239783
11876,2.2115780878298423
1966,6.864993090833053
14114,1.3057993721053975
15881,-0.21345600348005433
10223,0.98894503418407
8751,2.8957980645225447
8753,2.1121667767150143
6469,2.065053595549898
1061,5.655887777423253
8929,1.0871216656255314
10922,-0.34745547707968427
715,6.407419241174772
9704,1.768661757282885
7027,1.893210150573033
17451,-1.65806071002023
2639,3.834117508161299
17951,-6.082689996692089
5005,1.5921630732909335
5651,2.2786957584221668
6325,3.1696967166667207
6923,0.6844318521347574
11624,0.30015364044352566
7035,0.37730418647297626
11021,-0.27611342890606494
17416,-2.243654208430158
15425,0.5539081398977856
9709,2.025923844200115
10866,1.2313002288083439
15023,0.892950742842828
8859,0.7456692828893878
6559,1.8883808322965834
5140,3.6504013084579654
1033,12.092800174426323
593,14.62028564896331
17693,-3.594364808448532
3933,0.015361420159344163
1915,1.8677212418538858
5367,1.8594560948330354
11664,1.52168798469269
16487,-0.44120259548900265
2093,2.712821208325515
17230,-1.7349798581698508
6214,2.764319759926977
9412,1.4212080160209695
4864,2.5264343740438804
1826,1.0202406491103417
13160,1.1426764270305796
15828,0.280769602033935
751,13.424717160346269
13198,0.22357854898273644
16392,-0.23744726268602534
8938,0.3774113773839929
12230,0.6312597571598815
4400,2.523363469925215
7197,2.251824965392565
1702,5.78059709620738
8717,2.606513254478685
3932,2.4643564029648815
3867,2.011003024130119
17551,-2.907555332579733
2810,2.491579182113135
3745,1.7113567159989103
2627,6.172414885772405
7612,1.0841143310679584
2265,2.762069894954678
3458,3.1923153793543833
5376,1.9032912926951582
5316,5.973050557203983
4674,7.761737842386282
12374,0.7210536395668683
9797,0.2504345000281205
15422,0.621628107059685
10783,1.6666763324773441
6427,1.743778761792143
14878,0.2653190013859046
17491,-3.662290457440413
4710,1.1877372269730913
15561,0.5462008267258156
4336,-0.08155024310352843
7241,0.3840241572492218
14626,0.9509240895340341
3089,6.9399286807656395
16530,-0.6751180035932123
6954,0.6584160345936994
11904,2.1524769712434164
12601,1.8403955665645668
8664,1.3429596144480982
3077,5.114908497401423
12211,1.4288653999505811
14376,-0.10113403580441371
15121,0.621028851593934
13181,0.936801783634742
8582,2.2555696901617424
11325,1.714712717885881
5527,4.598733414119685
1248,7.005394472824861
2169,3.3111322118889888
881,6.224910223857535
10169,1.903057880316588
124,22.90863999674874
11153,1.1207965677954874
9961,1.9852998690057078
12491,1.0869786613615204
2392,7.726557985994276
14455,-0.011553374573914255
5124,2.2325855744702423
12919,1.5061226127672356
2518,0.2625405004260841
14965,1.3603188847244567
17559,-2.553029743373372
10481,0.7794786427491189
14139,-0.015202924335412149
6059,0.646888059246713
14579,0.6288979441130493
2917,4.292809106695508
17207,-2.302647875184732
2148,3.8972944856996747
2356,3.5549674055180773
90,31.93561522249015
17284,-2.673561145058933
14297,1.3891999626961322
103,13.80998962622403
16754,-2.0562627143780077
8907,1.696941735412345
493,17.86226095074631
11927,1.3811270230867834
17180,-2.0479244786885786
10551,0.3207580218582322
5394,3.828742093684383
9771,-0.4285922465087495
6501,1.069784664851447
12300,1.439828667036231
9729,0.7683484393398388
11722,0.710257676676143
5562,2.4374143698651807
2415,2.7284347677741323
7943,0.4728994237980473
10320,0.29602238235126777
1860,2.729787534636195
6447,2.656198886777169
13859,0.5084954752695126
6870,0.4561542480936893
10225,0.9297824006772331
4252,1.301552373080419
14963,0.32657227507032616
4242,5.251637466003935
12050,1.627107333501172
17796,-4.148874809412888
2572,2.2559818305842114
8533,0.879394427283323
5619,3.939557185659801
16660,-0.26062868994480937
17459,-2.4289766542653553
15294,-0.7518780170907107
4588,4.147138634677027
9308,1.106580250412044
654,9.001504436395066
7824,-0.3775251928628123
15284,-1.0612173422721511
11649,1.1994675653607985
3043,0.999540555512219
11327,1.596792784368482
15922,0.7858257176430641
17052,-1.702847501408172
11637,2.0206735162047025
17541,-3.089141887678281
12170,1.3787983376779778
9875,0.7102141864887201
14190,2.2949189170780784
10507,2.5624203220950292
17699,-3.5760646784712478
11962,2.0466316631858845
11806,2.2096083199019247
12802,1.2971172108896596
9697,0.6595835794783156
13155,-0.9115610495449928
1062,14.569721240279172
6194,0.7768238184340035
9533,1.2062707949884484
4495,2.8791383474026517
6499,0.8688622068657992
15940,0.7708442601653402
1510,3.4101635154740606
973,11.043482223036996
11935,2.051762039464215
5304,0.698898271672661
4986,3.3771742839577215
926,7.701368451314444
1881,12.02077047717112
5786,1.2101285811323947
9474,0.15940119959213206
1786,4.825771436302652
16134,-0.12275475975943095
10271,0.29806122875814367
5010,0.16622617115078953
6790,2.815449711917786
15384,0.9569812352834575
16366,-0.3230047077104885
6304,2.5428660661449953
646,10.961272597749094
8741,2.8242947360355544
11107,1.5921138215902388
12934,0.39607003188086054
4334,5.31038489577243
14383,-0.3310738231713657
9521,1.118344608432892
17864,-5.536843599761227
2874,3.5409278184164776
1961,8.26000657417552
16983,-1.4943322426071646
8657,2.4355228794420754
8310,1.4926426561123378
7299,0.6562251319893448
4234,0.7216645333350442
10415,2.0103313554662705
5643,3.311662238905413
7673,2.6946433291443768
3941,2.1547326165368546
11091,0.44859726407877787
4905,-0.8905379248238248
14074,1.1865710891724248
15878,-0.07388874416292168
6875,0.5828117428451165
549,7.4583453983160695
10681,1.0979842802010822
14785,0.9377509725784634
3686,4.743105112779887
16576,-0.4675888855224386
7252,1.7403658348175028
4020,1.768313550845349
1841,7.5879400274493065
15338,0.5331427211606581
10350,2.0801188394503143
5825,1.0667045588289525
8067,-0.25843722847889694
5666,0.564258204406535
12561,0.021140103009400946
9976,0.22720547730055074
15910,0.35853577403020154
4638,3.164959843215634
5705,2.4640371515229376
11419,1.56144382718373
1315,5.186819227955233
10280,1.4738829561440667
1506,7.062558168954716
3878,2.355441853346022
16084,-0.30991205494091645
381,13.417114278157662
370,8.50469183482624
16127,-0.029964560630610038
8881,0.4342890968023241
13573,1.0029780732802962
7379,4.683296414830629
170,25.482421268105263
16624,-0.6493081976114823
14575,0.5980626981523045
10215,0.09730221267700045
5087,1.1467883824684009
6777,-0.3755340730872305
12119,0.523317449031687
6999,1.3434656004544507
17012,-2.127060664113209
6851,0.42378756129881623
15447,-0.28816314016859934
6610,1.0066038409525433
14088,1.9519330790090663
1039,12.17824918748122
6183,0.7175709975915154
10410,2.462720201461316
15469,0.2927606195789778
5827,3.856101086100331
16999,-1.1973784907442422
2522,1.8244435426359544
15855,0.2722737852992694
2785,3.205582398843646
17735,-3.550122115499022
10918,1.200409825820259
17263,-2.730623415238483
13623,1.9807926961826254
4815,1.8116448153418006
3328,0.23967268793304441
9734,2.32269938298284
2005,1.999607674611127
5728,2.459084966112748
4260,1.3073173870742494
1262,11.224304232973616
891,8.378456092625342
7085,2.27734093891943
509,19.857998932641372
7310,0.7172056820756154
1745,8.443833811150391
3886,2.3612068673398454
6474,2.2430370169023064
12817,2.175129641081803
7749,1.4837591425310706
11661,0.8267033630975575
15993,-1.6462629180951822
2667,4.191931084953211
225,18.14164841066782
17000,-1.8102019397776345
2358,6.267937089307544
15116,0.02440300761940506
14229,1.6302006189505462
6353,3.320478857810919
7413,-0.17099327149994537
7855,2.178388062809532
15516,0.8497709396115098
11810,1.731397930276728
10057,1.0455478684131165
11668,2.9194939347887896
14265,2.0702060532182074
3921,0.7713839326712844
12322,1.0649927718609646
14272,1.654642573095046
385,9.130773041091068
14607,0.5278677190808736
3404,2.116516627413688
7068,2.8553800300789547
246,16.20522476653567
1979,3.4058318636907856
2446,4.677230085985244
11195,0.15140868314885836
261,22.607821817672665
6319,1.3077936795077107
15067,0.860993734938539
5865,-0.776144875098403
12875,0.21182391411156942
13167,1.868496294586457
2777,5.794717592456948
11053,2.618037623578097
17380,-2.2835731408843074
10814,2.470395129019998
14134,0.5994364267786878
4871,3.0948210033092494
6816,0.9356828573765341
16047,-0.20412406550185125
2116,6.518732834688699
15293,-1.0734064800886287
16347,-0.6108769346711611
14014,2.264076608592582
13252,1.0206174308714182
7896,1.0852251904083872
8037,2.1491382130447647
3311,5.189066010803799
16120,-0.021032578393295864
5187,1.7857676156505065
9307,2.2406979752695264
17748,-3.442919381385636
12003,1.386206440639718
6505,1.393475008097056
17421,-2.749215568020901
3856,2.1495036785310333
7742,2.189207040105245
11631,2.08165205179224
15635,-0.5651104713965225
4302,0.8080167094016559
1162,10.680918238547733
7899,0.08303445346423644
3122,5.537021149686801
14187,3.326790122229852
7648,1.6350443438536928
17441,-2.5883754843939
3115,8.552064388743773
7104,1.0388437787085891
6306,2.453904106679623
1810,8.576379353736463
1222,6.839225393614299
13107,1.2182596099224483
16948,-1.17701086615687
13517,0.29305456386227746
790,6.991033248507094
5639,3.638865528561496
8353,2.333080570360501
8889,-0.743377203079568
1030,11.407093513235502
9498,0.6205584388275938
10717,0.7425151199193181
13787,0.3540773538740254
9696,-0.1805061950117306
5646,6.022500727361198
12897,1.929432612460566
7293,2.32285172031321
16666,-1.5328724206209614
15504,0.1920763727137853
16904,-0.45344522777548235
11351,1.6122412393552565
8505,0.982271239310208
4893,0.8354583275947292
13077,0.2967866304504341
8131,0.8731607532231038
14698,0.7286288967531576
13015,-0.728990515307359
5282,4.013820633429084
9867,1.2725798416244984
7602,0.4650917170368274
1584,5.7311561279540015
919,8.603937348007676
3659,2.6303622451199544
16016,-1.051737415235884
12901,1.2721435261514884
17138,-1.5709917535649325
12681,2.17222602522817
17341,-2.5000342411923953
3174,4.324032401444278
13627,2.0787768252209844
7477,1.5631430963366029
8795,0.3303860879229248
2478,1.2631689645297186
4684,2.2339574356902787
11960,1.1948155722985447
5577,1.9903852043677048
8901,1.4249826522639708
9328,-0.8895590359817831
484,8.945514295979471
16682,-0.9030999077730684
4881,2.85764627803475
9476,0.8443872340337251
15349,-0.36348297067061
14843,1.7395189484587732
10573,1.255140765895952
15601,-0.18494572773009565
11289,1.7717419944679023
5912,0.2201480908614286
16753,-1.5198661088265197
2349,3.803581971444558
16472,-1.7146031184170383
8777,-0.3428756446201149
11587,0.9151061232194664
3900,3.7989890907206174
10827,0.6613801442101064
7376,0.8021166046437642
7862,6.270204309796604
6009,2.3144582186459743
15309,1.1332199946252501
3854,4.55745779763442
2525,4.3276469590393845
8585,1.5053101771448993
927,5.605951310549997
4841,4.593235467713747
9803,2.50487380784012
1289,8.465202699585092
16743,-1.2528920575934777
2494,1.3493981067555083
5953,1.0813938464091493
7157,1.8370086208427594
6616,3.040035343634912
9342,2.1726648764457863
17007,-1.9096559927297179
17806,-4.218214243153454
17939,-5.43574547570352
5114,2.430683013381895
13613,2.345601333789091
9084,4.788674818399684
8446,2.4736738794377544
6596,1.505679559800221
3463,6.097650187474436
6537,1.3791855069533057
15174,-0.09420455904969316
17560,-2.7825948821580724
16830,-0.8853315083894628
6379,2.238755678969369
1948,4.352223223781259
5845,2.599936249824502
9581,0.7316963856145478
8190,2.4560234880810086
13503,1.6827064993008065
5713,2.6757095083253475
17932,-4.958482855455664
10583,0.32514329927401064
7149,1.6801176491288814
10726,4.654124842570674
17907,-4.990474893668292
6356,1.714140863239372
17130,-1.514187435807834
10759,1.0749145010760799
7876,0.7080757107293749
8705,0.30570221997462
14051,0.270142496945013
17522,-3.0888574264317015
1526,7.077975939027475
13248,1.3757734594913344
9470,1.0629178656627118
22,42.83717392352498
10609,0.060421315624324734
12302,1.8925634911982527
11509,1.5843711261685343
5783,3.2556303638803072
4771,1.891985909732952
2137,2.509425752929083
3633,2.6040757184794856
8295,5.390650510771643
9919,-0.9366976742759121
1552,10.209049660767526
3944,0.467150511654836
17266,-2.337771851332519
5490,2.6531645665737287
14296,1.1442172009310525
9454,0.8192554851464067
17778,-4.064011504525588
3865,4.184978203710145
12821,1.0618485750315259
5935,0.6805847033476624
8264,1.2851135380415641
13612,0.3801888835985139
10135,1.0253299113710241
5459,1.0677098294617124
9878,1.9068130702602062
17308,-2.312203936942545
15924,0.5475843874523463
15758,0.5837847138780887
6148,1.5427238987574015
1455,8.104739078423101
6487,-0.2718907013996841
11998,1.2548505368106788
5354,2.170895783341763
1024,14.187150710274558
6963,1.2644693816374613
5151,2.863858843238262
10604,0.4820056005726201
11778,1.899427495721575
13631,2.3632710243528194
12923,1.1807659101058547
16641,-1.362531432263495
13313,1.3946614592273434
10471,2.0022123489049903
16458,-0.4994503283357048
7842,-0.26017432893095105
362,17.32348303096999
11171,0.9314348227115019
1235,5.584036974919009
14779,0.22192969217611846
11440,0.913553573528624
9942,3.510107130429084
981,8.309766067775975
9687,1.4869291928982875
1833,9.202923528512848
16009,-0.13367329559910246
9078,0.7040053364832275
13075,1.2231522929109744
3332,1.6038222548995051
10897,4.152310634543262
4472,2.2648428128644085
15039,1.3809941161259118
10787,1.1603943461373731
7459,1.7011789148196073
2407,4.565148568122893
14946,1.2047789791733692
4974,0.4610914444272609
17763,-3.2577296925409414
3079,4.437503379034361
15761,-1.4926404876674937
10643,0.028898289419487355
102,21.525093009974775
14900,0.987971900698291
6346,1.1353196284102154
5301,3.492241896358422
11191,0.006797036587123273
8427,2.372430580321492
17571,-2.4605240054911235
15777,0.506954551398664
2794,4.878319979328317
12422,1.0093026767009192
14828,2.0214457867542777
14295,2.270784694628013
10890,-1.012131205552386
13191,0.5533183674687407
669,6.528219350793506
5800,-0.21871949841992233
2254,5.390972316766039
7277,1.3350406718484678
6070,-0.10985508001444799
1846,4.369122508323784
15781,-0.44592259652725375
7304,3.009624986420242
9043,1.3902809201672213
6454,2.8263456012237356
4333,1.0326891651978443
15670,-0.8886491103860621
5013,2.9359408173680848
17117,-4.097330789196036
13340,-0.15530420699986536
14286,-0.5695612432557553
45,45.88832595291414
14395,1.0586396291875815
9906,2.1479984243682395
17290,-1.8738816477650815
7038,1.5693235189177699
6554,-0.72349524213395
1777,3.2602652603466353
12183,2.2646474747759555
2375,3.9500710370073975
17727,-3.9465768131511254
14709,0.3179133683725581
11793,1.4962928834154994
6690,1.1190642056990754
6704,1.487191515805101
12940,1.0839385733193794
15884,0.12349008249824323
10327,0.6031998272850316
12531,1.3946824591336053
7714,0.6210146455619707
12215,1.278775362232743
3329,8.282728805596768
15448,0.984426568674543
4555,0.5574787693505527
17761,-3.503433081055242
2945,0.5037317153933856
1306,2.204021656351074
6897,2.515843459908858
50,39.52985074468902
2177,3.672083939416737
201,21.027090278148442
9123,0.7504099096804211
10745,0.7440178903381849
4645,5.071962838968972
4119,0.6497981468218512
14269,0.2388824711886386
8456,0.8752320941937128
7849,1.71622573557827
11194,0.999335164544739
14355,1.9122080685244356
3071,2.50070292472882
10574,0.7625198557849302
14268,0.07775792631506562
1604,3.0608977184919723
3734,2.591154216265352
5465,3.384718469024641
2050,4.296760271249319
17593,-3.267978692770413
17855,-4.182903532441259
131,11.335580617087793
965,7.0039990051454595
11011,0.8767384298402234
6440,1.6329443706097493
12492,2.224384226712175
166,18.836943980121596
6958,1.3886190179742144
2337,3.447901604485068
253,6.096174318077445
3235,3.715369271001741
6586,0.8102301022871714
13972,1.3154001873212238
14219,1.4794186248987486
3780,6.715773315549946
16078,-1.0070585567837185
7589,1.6344564740949608
10910,0.24816311730790375
1349,4.4840000610454
2310,2.350635901415984
14369,1.223561581718208
12241,2.3810240827184046
11442,1.4130347729649557
7114,1.018097307237035
17124,-1.91859769811672
9038,0.6425291184726376
17946,-7.99049992462524
4110,2.086947769197927
8266,0.5079083885554354
3321,0.17860396500984166
3696,4.404402627142545
9910,0.9657218882456604
13817,1.175750302226973
197,6.983716154110866
1192,3.5309788953022903
8766,2.404993203584617
6775,1.5104032760364916
1103,5.253297593284948
14324,1.8664954516611942
15931,-0.00774278748998114
1709,6.299504385866477
8162,2.145961521651593
7545,0.9425773038229153
3580,2.494154066366079
9091,1.331615969083444
2025,7.812062655110303
2802,0.8818938446267595
14451,1.3385584530826193
10554,1.3739000368211265
14301,1.5245336488535557
17488,-3.462119311118002
3991,5.957852070331178
17599,-3.005416427777277
4126,5.988620274523775
8053,1.4351943516435242
7617,7.377977354349831
14697,0.8603594491644415
16338,-0.2573585950517483
7947,0.522409448318335
971,4.721981754044265
2927,2.5683422806123417
5387,0.8817646528639003
8289,0.3080545499847389
9601,1.0342656088063578
1304,3.1013104870086465
1196,6.7266015869632625
14777,-1.1326247537267093
7129,1.3327674954084046
16493,-0.6159575316775161
3983,2.5541620230202895
516,16.122061355522185
11969,0.09441560039871888
16378,-1.3279877643158926
14778,0.23518543490880717
9673,2.3254875265542054
13447,1.316845156017699
1156,11.777776446529423
9310,-0.24223986641096928
3735,3.3360235109630025
17898,-4.780651138359332
8018,1.2355921278142574
15895,0.6591373908852347
11576,1.888158658532646
14955,-0.3627375198666485
49,30.837025086962747
4009,1.5621195629870002
5857,0.12448928397525805
9969,-0.2777254428766298
10957,-0.3035587622971505
15230,-1.1001311867304864
5521,1.120057776825334
3392,2.2962257635111314
17711,-3.6372990048900817
3090,5.590387937193398
12885,1.5654795201849652
14146,0.6407350958108751
7737,-0.19411099803512855
17741,-3.4412999148069687
14438,1.0224776963267956
2350,-0.17933262969300046
13851,1.6831910953175608
2493,5.410467280618754
14628,0.17556552704260753
11665,1.3806794718771087
8108,1.0543398132342574
6566,2.108729380505004
12507,-0.4616359387029192
2671,4.012883073183339
13625,1.8265284406343554
14499,1.0617375189521212
8444,0.9493186972553431
17224,-1.3905430434526878
13235,1.2965234643417816
4948,0.38633081326871377
6166,2.550650979280128
2429,8.001176484721
13137,0.5610320405337745
10524,2.7975253689562436
15788,0.5493791806763326
13763,1.921908999074624
13145,-0.2771516445398845
4787,4.213111279203396
7178,0.852487574462323
5207,2.0649636512051757
4751,2.751202542023492
13708,0.9507744379186462
17743,-3.397929552862763
6763,1.1045210753151409
4688,1.1905582170495919
7432,1.390713482300285
13746,0.5687937921714976
5315,2.3358464062876507
1409,8.224443934922427
1261,8.742459799218246
14975,0.3491961655429847
16663,-0.5792746459458229
11478,0.7414561855121136
5362,1.8960543402888703
5535,2.8571212358123717
16765,-1.0925761652136643
3903,1.7505166281388682
11660,1.89082038279453
13565,-0.3139710246721634
2319,3.311875961993671
7554,1.9393203345249646
15986,0.2528994888472127
7651,2.3271771433659083
11058,1.2267173142250414
15496,-0.3992799780988321
9045,1.6546590872410576
10825,1.7062206163492348
9284,2.0404653120267042
7638,1.6418144458433233
13369,2.250893659536878
975,11.13817851158219
3185,10.23253473665143
7839,0.6627377424483853
16230,0.011608846498468495
1277,2.6940157032041014
6289,1.0400661550202912
9693,1.9677662986890851
7977,1.771116402360441
15632,0.3278834162733304
1704,5.484603701094294
8458,0.3441356667181381
17331,-1.6075051894404524
14141,1.1695507852878322
13606,2.2520003205753767
10340,1.1543836164033294
8712,0.16901746765441317
15074,0.7009357949811701
1285,6.884624878815693
6702,2.367652154897854
6985,1.6943860414159246
824,10.370406390013045
12640,2.226657403152238
14094,-1.349537251605021
3208,3.9420210707831345
8422,-0.12566909350805844
13725,-0.011409340826837422
13255,1.5551981343421986
9493,2.074448079931564
7003,1.8443880533892312
17692,-3.9717987493741234
4417,4.3558438442066745
10372,2.0259719227728255
1070,7.007936379410161
6882,3.4486639311060614
9584,1.940543909624175
8688,1.2587268960667402
34,28.955151656293545
15925,0.6901530115173244
1637,5.229290273248267
12311,-0.42380008486781406
9959,0.8658484554653612
7306,0.23311142070565438
13325,-0.14743882967876232
8102,0.9566421599412251
17732,-4.310409033177059
5131,3.2261596224300533
8674,4.587686997133098
14350,-0.6651702708699432
5160,1.7102863577427456
16747,-2.5033227118818786
4177,-0.08408122487364977
10122,-0.45092782937429376
1802,2.7048193747457603
10229,0.15574623393333553
13117,2.050620940171761
15549,0.6979572238594258
1140,9.451952667981367
13275,1.2115721337099359
3869,1.975094720509503
3794,1.746667426711106
6111,2.8644754923627076
15663,-0.1542432387598467
5942,0.6482795334731932
15423,0.9524345304619075
514,19.380390312014462
11069,1.2346442084665554
17458,-2.3458390641230835
9750,0.9812350763170485
2955,3.655322920782588
11858,2.491343045877656
13952,1.0707018868027163
14401,0.8214342189990802
11676,2.585895191725328
8130,0.3912283721008336
13757,1.3208693543614558
3372,3.3439179106407835
13280,0.0849164671760505
14431,0.696625472833496
12974,1.0086398516740829
13811,1.987303644084328
11038,1.0379244916342074
15435,1.060882082571709
13241,1.1544196761947134
12982,2.492300148321341
7142,1.9492535806096072
16442,-1.157175580147431
13229,0.2645927567683515
1176,7.987751308062023
17,42.618356646846244
8150,2.4487250187543026
16051,-0.503374616194094
666,6.403003109540542
15280,1.1682272968252931
7771,3.0381121006728122
13907,0.6755367383929922
11114,3.007904608410655
13203,0.5293147404180374
10077,1.0441374469210558
16825,-0.921585790177069
2104,3.3901976562773157
912,12.432005867334475
5787,0.6783115269075921
9505,0.6442776046317249
7326,2.2235780420324645
16771,-1.1721106216097965
3806,4.028684824904694
364,11.495354783751516
7258,1.3539999116545829
16251,0.7008899710201817
5692,2.596398143347784
7352,1.8813051220617254
10567,0.31361327128634997
6970,3.474729527919095
17821,-3.9564788530759145
8158,1.5295349388720467
16502,-1.127914344675638
665,8.103032157569082
6317,1.544307280454646
11389,1.2376919670177173
203,16.84380622778007
1274,9.918312211518185
6600,1.7267180498438606
11956,1.4987645320683995
6467,2.990414022922238
15110,-1.8282220691353004
17916,-4.809608965318965
6736,0.02010764888883898
15364,0.9285923308169615
9240,0.7367697952158068
15634,-1.2633522485708113
8713,4.539364596871096
4423,1.4434543257580188
10,55.595855145512566
2827,1.52285040729533
6115,2.8971573253181617
9431,1.9831417039560364
2678,6.09253862729917
9003,0.603330812767723
10637,1.631346674499575
3201,3.61259453105135
420,15.445159613730375
6491,1.5437901517322032
8508,2.049389623755019
1476,4.810622690559896
6042,1.0038004875256732
17279,-2.1819761549501138
11121,0.2584862218302959
7963,1.6024702967416005
6921,2.5732210233413895
7285,0.9109198580702369
16821,-1.136079284148373
6455,2.651680705278494
2325,7.991533598884146
10000,1.4296595624015325
4517,0.6344745353256158
6909,0.7677169704432316
3140,4.620338928219205
16752,-1.19050093892276
11932,0.36170276108154553
4240,1.132500933965325
12077,1.89737138681852
6683,0.44445140699324526
11238,1.6240654517391775
397,11.743627569812936
6109,2.100210792356286
17096,-2.2548846742662008
15853,-0.6803475717953376
6607,1.8361420195342077
11726,1.7873746482745005
14306,-0.5364739297116472
6430,0.8955658046509498
14323,1.7287440944247763
14994,1.0324564852395497
2793,2.434428739096667
13609,1.8010220431647852
13918,1.1413021993703936
16966,-0.9803813366601943
3508,0.47376508523991845
2920,3.8026346851711423
7916,2.371506807486874
14684,1.6295188466581294
2233,2.94776900387086
1912,3.472935143586305
7279,-0.06980378065313886
531,13.78583584012754
7366,2.2850542600430543
56,32.4728184438246
5021,2.1268339640973863
8659,2.5786932725053475
5217,2.232573836821814
7143,0.49248143250871124
15721,0.2223373184260211
14299,1.3626884772307477
2585,5.507569502594507
17657,-3.271546796208227
12114,1.9799400544676402
14564,0.5761594344288739
229,26.97193894988522
15264,-0.029348151619124963
4557,4.676734159140089
5979,0.8353466413189921
4153,0.9467520457771741
8523,2.4369123391698153
759,6.136993760451659
4408,1.8204827860949706
16732,-0.9699292992957709
16631,-0.4978362617244514
17253,-4.2746011231457075
16028,-3.0378187591469157
4927,1.933188866581716
8080,0.26949223075319395
5061,2.1743338126260596
4043,2.2857797340983765
14488,0.34701151388124174
17321,-3.023611269513843
3407,1.960002318780802
6785,2.305533906917674
14125,1.6140127370413708
15065,1.4544217786631748
3445,0.8722277972925028
16426,-0.38732624081851696
12236,0.32417249956179006
2738,3.0737594975055558
3820,1.4521461171028704
4475,4.3947883735790185
7897,1.174502443126741
15536,-1.5212350739639646
10478,0.37253185161029734
4659,1.362715107487773
12289,0.3436909387113687
4562,2.266243511206781
6489,2.2864975661821916
17698,-3.1441665131164385
10390,2.3661771788290196
10631,1.5524426575169983
1511,12.008006408909843
8738,-0.039680180316679525
7511,0.4368642399760958
7207,1.6724346609778564
16321,0.2702409468440621
14706,-0.5421735804245387
8491,1.7181777197641495
9483,2.706892040191036
1706,4.548118726322933
1129,16.43252930785622
613,8.281987820412155
11682,0.5210286885826676
12701,0.33845610170433815
2154,4.789342640702998
6164,2.0942229811286808
2144,5.817293551449289
3178,2.7118700375496303
4189,2.3899860043975423
4470,2.2716742846820495
15509,0.6190203381596575
2560,3.7876800662468995
953,8.39039378500484
17520,-2.199841321090233
14115,-0.371980581125122
11450,1.4607288954045359
1575,5.903749183894831
5155,0.6802003697576708
10204,-0.7126442721862603
7929,2.940360140076514
17610,-2.248761314260655
1608,4.585451203582778
2346,2.462283268274419
4926,2.1208248969206736
13304,1.402152187966216
10259,0.6055231349384727
707,7.5215109742175414
8485,0.40094214606637735
2409,5.766730469310964
6753,0.8763070026932169
8514,3.1856999137741937
15991,0.2098751050699903
10982,1.0302205417188617
4884,1.7586261898053763
16788,-1.027408787712396
16099,-0.24319717577481725
5250,1.9355466832976518
7446,1.4708029619499996
14138,1.5348242588122147
10230,0.8633848292628628
4945,1.0444593840779604
11498,1.434715092362218
1877,5.786504238399985
8391,1.8065189629656473
12514,1.70312078289448
6980,1.7176115537944838
3387,1.0952149464073457
1675,6.251629888755552
13532,1.5524787173083823
1716,6.44157950359827
10836,2.1095356033266555
15702,-1.8559653021206728
2756,6.696989293438719
5517,3.1574075594144304
2041,3.3763252262782544
9558,-0.40300704741053295
3136,2.7376280497606373
6813,0.9521957556883791
436,9.108677687259913
9554,1.344458317727529
5149,1.205443610402483
8802,-0.3248599758894031
5337,2.706886908304604
4971,1.644088607299075
6967,0.9838936095047472
12096,0.9300838654991637
2604,6.635295655949712
14726,0.6929009678038867
5439,0.38200115377213706
16883,-1.628517657996916
11652,2.0314829174431352
14349,1.6542253548579708
10222,1.2548544949996483
17396,-2.795183975715446
10126,0.637432547373983
9861,0.25920505485967027
9266,0.16991475387695942
1734,6.057316105353777
10332,-0.034812711466223334
2001,10.124884320165854
5289,2.6547461386212348
14584,0.792904995983541
15439,0.06880879053202449
2053,4.3642244475799
7777,3.310912535727695
1063,5.9144434425803425
4114,-0.5249876605618766
9953,0.7943758118923796
10452,0.08901205556026781
4716,2.2915152267017405
6477,2.482029658756254
8048,2.045135293680005
2725,3.575283572346251
9445,2.74011211072564
13794,-0.424223070943583
12790,2.0092451702101997
1259,5.676031131138629
2980,7.509303318167589
10770,2.689613540893056
4455,2.858704860500559
14287,1.0911040426646323
3874,3.7009741296758634
7210,0.9846256219610012
15906,0.16729660994510454
17344,-3.383750168457958
16449,-1.8915814517736393
5880,0.39484151012953816
17397,-2.2433697471835856
7922,2.2377946024068507
17291,-1.79203576845633
11520,2.6729586233328817
3704,0.1337961737156519
5,63.22643715133342
6026,1.8723257651345122
2024,4.709123914411791
6776,0.5784997199981703
13224,0.7654557072814683
9242,0.15261971189547552
6435,0.6453911274750723
12254,1.1716956619601575
15975,0.5797568003363125
4575,1.9595022317756587
372,18.16238935729161
515,7.0133262395057585
4093,1.518786245849867
2675,1.2902607804073227
8531,2.3568536915264886
17486,-3.156729097849677
392,16.72207092147776
7580,2.1305903306164637
398,7.49247400961773
12425,1.011464556948603
5584,0.7029202862132138
4629,4.105678391146689
6123,0.7787129750835504
664,13.38363925183706
4238,5.553739838779087
